<?xml version="1.0" encoding="UTF-8" standalone="no"?><TaskList Version="2.0"><Task Active="false" ConnectorKind="local" CreationDate="2021-02-14 12:29:05.541 +0100" DueDate="" EndDate="" Estimated="0" Handle="local-1" IssueURL="" Kind="task" Label="Il feed connector lo abbiamo fatto come mai non esce ? Quello sarebbe il nostro client" LastModified="now" MarkReadPending="false" ModificationDate="" Notes="    &#13;&#10;&#13;&#10;" NotifiedIncoming="true" Owner="local" Priority="P3" Reminded="false" RepositoryUrl="local" ScheduledEndDate="2021-02-14 23:59:59.999 +0100" ScheduledStartDate="2021-02-08 00:00:00.0 +0100" Stale="false" TaskId="1" offlineSyncState="SYNCHRONIZED"/><Task Active="false" ConnectorKind="local" CreationDate="2021-02-20 19:35:06.586 +0100" DueDate="" EndDate="" Estimated="0" Handle="local-5" IssueURL="" Kind="task" Label="Al play deve per prima cosa essere fatto partire il server JESSX e poi il suo client " LastModified="now" MarkReadPending="false" ModificationDate="" Notes="1) Pulire directa arcipelago yahoo e le altre cagate, devono sparire&#13;&#10;2) far partire il server JESSX&#13;&#10;3) Far partire il client e connetterlo col suo connector&#13;&#10;" NotifiedIncoming="true" Owner="local" Priority="P3" Reminded="false" RepositoryUrl="local" ScheduledEndDate="2021-02-21 23:59:59.999 +0100" ScheduledStartDate="2021-02-15 00:00:00.0 +0100" Stale="false" TaskId="5" offlineSyncState="SYNCHRONIZED"/><Task Active="false" ConnectorKind="local" CreationDate="2021-02-20 18:45:06.69 +0100" DueDate="" EndDate="" Estimated="0" Handle="local-4" IssueURL="" Kind="task" Label="Studiare Plugin Eclipse con libro" LastModified="now" MarkReadPending="false" ModificationDate="" Notes="Come prerequisito per poter lavorare su sto progetto è IMPERATIVO studiare come si fanno i plugin.&#13;&#10;Siccome abbiamo inculato un libro in tal senso, dobbiamo procedere a studiarlo." NotifiedIncoming="true" Owner="local" Priority="P3" Reminded="false" RepositoryUrl="local" ScheduledEndDate="2021-02-21 23:59:59.999 +0100" ScheduledStartDate="2021-02-15 00:00:00.0 +0100" Stale="false" TaskId="4" offlineSyncState="SYNCHRONIZED"/><Task Active="false" ConnectorKind="local" CreationDate="2021-02-14 12:34:33.438 +0100" DueDate="" EndDate="" Estimated="0" Handle="local-3" IssueURL="" Kind="task" Label="sarebbe da inserire il server dentro a Eclipse al posto di Directa, Quello start (plaY) li dovrebbe far partire il server (cercare * LIve data Feed)" LastModified="now" MarkReadPending="false" ModificationDate="" Notes="Ecco trovato.&#13;&#10;dentro a &#13;&#10;&#13;&#10;FeedServiceLauncher &lt;-- Nel Core c'è questo che parte quandio si fa play&#13;&#10;&#13;&#10;org.eclipse.core, plugin.xml&#13;&#10; &lt;launcher&#13;&#10;            class=&quot;org.eclipsetrader.core.internal.ats.TradingSystemsLauncher&quot;&#13;&#10;            id=&quot;org.eclipsetrader.core.ats.launcher&quot;&#13;&#10;            name=&quot;Automated Trading Systems&quot;&gt;&#13;&#10; &lt;/launcher&gt;&#13;&#10; &#13;&#10; &#13;&#10;CoreActivator nel metodo Start ha l'attivatore di tantissime classi importanti, qua va messo anche il nostro connector e rimossi gli altri !!" NotifiedIncoming="true" Owner="local" Priority="P3" Reminded="false" RepositoryUrl="local" ScheduledEndDate="2021-02-14 23:59:59.999 +0100" ScheduledStartDate="2021-02-08 00:00:00.0 +0100" Stale="false" TaskId="3" offlineSyncState="SYNCHRONIZED"/><Task Active="false" ConnectorKind="local" CreationDate="2021-02-14 12:32:05.468 +0100" DueDate="2021-04-16 00:00:00.0 +0200" EndDate="" Estimated="0" Handle="local-2" IssueURL="" Kind="task" Label="Capire come si crea un plugin di eclips con un bottone play per far partire il server, vedere directa (control_play.png) " LastModified="now" MarkReadPending="false" ModificationDate="" Notes="&#13;&#10; " NotifiedIncoming="true" Owner="local" Priority="P3" Reminded="false" RepositoryUrl="local" Stale="false" TaskId="2" offlineSyncState="SYNCHRONIZED"/><Task Active="false" ConnectorKind="local" CreationDate="2022-03-04 15:44:40.845 +0100" DueDate="" EndDate="" Estimated="0" Handle="local-7" IssueURL="" Kind="task" Label="New Task" LastModified="now" MarkReadPending="false" ModificationDate="" Notes="" NotifiedIncoming="true" Owner="local" Priority="P3" Reminded="false" RepositoryUrl="local" ScheduledEndDate="2022-03-06 23:59:59.999 +0100" ScheduledStartDate="2022-02-28 00:00:00.0 +0100" Stale="false" TaskId="7" offlineSyncState="SYNCHRONIZED"/><Task Active="false" ConnectorKind="local" CreationDate="2021-08-06 17:32:15.505 +0200" DueDate="" EndDate="" Estimated="0" Handle="local-6" IssueURL="" Kind="task" Label="Current work on" LastModified="now" MarkReadPending="false" ModificationDate="" Notes="Stiamo lavorando dentro a:&#13;&#10;Abbiamo capito come sistemare il tasto play !! E' bastato aggiungere alla build il plugin nostro ed è stato lanciato !!&#13;&#10;Adesso bisogna fare partire il server che lo metterei tra iTrading Services e il client lo metterei tra i Live Data Feeds.&#13;&#10;A quanto pare non serve mettersi in mezzo ci pensa lui a far partire il tutto !! Basta aggiungre il plugin tra quelli del launch di eclipse !!! FIGATAAA !!&#13;&#10;&#13;&#10;&#13;&#10;ah ricordarsi di fare anche un progetto test per JESSX" NotifiedIncoming="true" Owner="local" Priority="P3" Reminded="false" RepositoryUrl="local" ScheduledEndDate="2021-08-08 23:59:59.999 +0200" ScheduledStartDate="2021-08-02 00:00:00.0 +0200" Stale="false" TaskId="6" offlineSyncState="SYNCHRONIZED"/><TaskCategory Handle="handle-2" Name="Archeology"><TaskReference Handle="local-1"/><TaskReference Handle="local-2"/><TaskReference Handle="local-3"/><TaskReference Handle="local-5"/><TaskReference Handle="local-6"/></TaskCategory><TaskCategory Handle="handle-1" Name="Studio"><TaskReference Handle="local-4"/></TaskCategory><TaskCategory Handle="Uncategorized" Name="Uncategorized"><TaskReference Handle="local-7"/></TaskCategory></TaskList>